{
    "dcm-bragg": {
        "A": 5.67307,
        "A_REP": -2209925,
        "B": 19.2388,
        "B_REP": 503230,
        "C": 5.67308,
        "C_REP": -2209924,
        "D": 8.11829,
        "D_REP": -1720883,
        "E": 11.4027,
        "E_REP": -1063990,
        "F": 19.2389,
        "F_REP": 503233,
        "PV": "XF:06BMA-OP{Mono:DCM1-Ax:Bragg}Mtr",
        "desc": "DCM Bragg"
    },
    "dcm-bragg2": {
        "A": 12.4335,
        "A_REP": -857842,
        "B": 19.3487,
        "B_REP": 525198,
        "C": 12.4337,
        "C_REP": -857799,
        "D": 13.7836,
        "D_REP": -587827,
        "E": 15.2804,
        "E_REP": -288743,
        "F": 19.3418,
        "F_REP": 523783,
        "PV": "XF:06BMA-OP{Mono:DCM1-Ax:Bragg2}Mtr",
        "desc": "Bragg 2ndenc."
    },
    "dcm-para": {
        "A": 154.242,
        "A_REP": 878766,
        "B": 48.0221,
        "B_REP": -183437,
        "C": 154.242,
        "C_REP": 878766,
        "D": 108.719,
        "D_REP": 423528,
        "E": 78.3709,
        "E_REP": 120052,
        "F": 48.0221,
        "F_REP": -183437,
        "PV": "XF:06BMA-OP{Mono:DCM1-Ax:Par2}Mtr",
        "desc": "2ndxtal parallel"
    },
    "dcm-perp": {
        "A": 10.4937,
        "A_REP": -101690,
        "B": 11.3071,
        "B_REP": -93556,
        "C": 10.4937,
        "C_REP": -101690,
        "D": 10.5717,
        "D_REP": -100910,
        "E": 10.7221,
        "E_REP": -99406,
        "F": 11.3071,
        "F_REP": -93556,
        "PV": "XF:06BMA-OP{Mono:DCM1-Ax:Per2}Mtr",
        "desc": "2ndxtal perp."
    },
    "dcm-pitch": {
        "A": 5.47701,
        "A_REP": -1533,
        "B": 5.52818,
        "B_REP": -1414,
        "C": 5.47701,
        "C_REP": -1533,
        "D": 5.48518,
        "D_REP": -1514,
        "E": 5.52388,
        "E_REP": -1424,
        "F": 5.52861,
        "F_REP": -1413,
        "PV": "XF:06BMA-OP{Mono:DCM1-Ax:P2}Mtr",
        "desc": "2ndxtal pitch"
    },
    "dcm-roll": {
        "A": -6.2601,
        "A_REP": -38573,
        "B": -6.2601,
        "B_REP": -38573,
        "C": -6.2601,
        "C_REP": -38573,
        "D": -6.2601,
        "D_REP": -38573,
        "E": -6.2601,
        "E_REP": -38573,
        "F": -6.2601,
        "F_REP": -38573,
        "PV": "XF:06BMA-OP{Mono:DCM1-Ax:R2}Mtr",
        "desc": "2ndxtal roll"
    },
    "dcm-x": {
        "A": -33.0025,
        "A_REP": -330025,
        "B": -33.0024,
        "B_REP": -330024,
        "C": -33.0025,
        "C_REP": -330025,
        "D": -33.0026,
        "D_REP": -330022,
        "E": -33.0026,
        "E_REP": -330022,
        "F": -33.0026,
        "F_REP": -330022,
        "PV": "XF:06BMA-OP{Mono:DCM1-Ax:X}Mtr",
        "desc": "lateral trans."
    },
    "dcm-y": {
        "A": 0.0006,
        "A_REP": 6,
        "B": 0.0006,
        "B_REP": 6,
        "C": 0.0006,
        "C_REP": 6,
        "D": 0.0006,
        "D_REP": 6,
        "E": 0.0006,
        "E_REP": 6,
        "F": 0.0006,
        "F_REP": 6,
        "PV": "XF:06BMA-OP{Mono:DCM1-Ax:Y}Mtr",
        "desc": "vertical trans."
    },
    "dm2-screen-foils": {
        "A": 32.9997,
        "A_REP": -10573,
        "B": 32.9996,
        "B_REP": -10574,
        "C": 32.9997,
        "C_REP": -10573,
        "D": 73.0001,
        "D_REP": 389431,
        "E": 73.0001,
        "E_REP": 389431,
        "F": 73,
        "F_REP": 389430,
        "PV": "XF:06BMA-BI{Diag:02-Ax:Y}Mtr",
        "desc": "vertical actuator"
    },
    "dm2-slits-b": {
        "A": -4.0011,
        "A_REP": -12509,
        "B": -4.0009,
        "B_REP": -12509,
        "C": -4.0009,
        "C_REP": -12510,
        "D": -4.0011,
        "D_REP": -12510,
        "E": -4.0009,
        "E_REP": -12510,
        "F": -4.0009,
        "F_REP": -12510,
        "PV": "XF:06BMA-OP{Slt:01-Ax:B}Mtr",
        "desc": "bottom"
    },
    "dm2-slits-i": {
        "A": -7.3693,
        "A_REP": -40042,
        "B": -7.3693,
        "B_REP": -40044,
        "C": -7.3692,
        "C_REP": -40042,
        "D": -7.3691,
        "D_REP": -40042,
        "E": -7.3692,
        "E_REP": -40043,
        "F": -7.3692,
        "F_REP": -40043,
        "PV": "XF:06BMA-OP{Slt:01-Ax:I}Mtr",
        "desc": "inboard"
    },
    "dm2-slits-o": {
        "A": 10.6641,
        "A_REP": 65071,
        "B": 10.6639,
        "B_REP": 65071,
        "C": 10.6639,
        "C_REP": 65072,
        "D": 10.6639,
        "D_REP": 65071,
        "E": 10.6639,
        "E_REP": 65072,
        "F": 10.6641,
        "F_REP": 65072,
        "PV": "XF:06BMA-OP{Slt:01-Ax:O}Mtr",
        "desc": "outboard"
    },
    "dm2-slits-t": {
        "A": 7.2953,
        "A_REP": 37125,
        "B": 7.2952,
        "B_REP": 37125,
        "C": 7.2953,
        "C_REP": 37126,
        "D": 7.2954,
        "D_REP": 37127,
        "E": 7.2953,
        "E_REP": 37126,
        "F": 7.2954,
        "F_REP": 37126,
        "PV": "XF:06BMA-OP{Slt:01-Ax:T}Mtr",
        "desc": "top"
    },
    "dm3-bpm-y": {
        "A": -3.3653,
        "A_REP": -3,
        "B": -3.3653,
        "B_REP": -3,
        "C": -3.3653,
        "C_REP": -3,
        "D": -3.3635,
        "D_REP": 15,
        "E": -3.3635,
        "E_REP": 15,
        "F": -3.3648,
        "F_REP": 2,
        "PV": "XF:06BM-BI{BPM:1-Ax:Y}Mtr",
        "desc": "NanoBPM"
    },
    "dm3-foils": {
        "A": 40.9998,
        "A_REP": 437498,
        "B": 40.9998,
        "B_REP": 437498,
        "C": 40.9998,
        "C_REP": 437498,
        "D": 41.0001,
        "D_REP": 437501,
        "E": 41.0001,
        "E_REP": 437501,
        "F": 41.0001,
        "F_REP": 437501,
        "PV": "XF:06BM-BI{Fltr:01-Ax:Y}Mtr",
        "desc": "foils actuator"
    },
    "dm3-screen": {
        "A": 33,
        "A_REP": 288431,
        "B": -66.743,
        "B_REP": -708892,
        "C": -48.1824,
        "C_REP": -523391,
        "D": 27.1,
        "D_REP": 189372,
        "E": 23.1,
        "E_REP": 189372,
        "F": -1.2,
        "F_REP": -53715,
        "PV": "XF:06BM-BI{FS:03-Ax:Y}Mtr",
        "desc": "fluo. screen"
    },
    "dm3-slit-b": {
        "A": -6.1003,
        "A_REP": -34835,
        "B": -4.1998,
        "B_REP": -15831,
        "C": -5.7006,
        "C_REP": -30839,
        "D": -2.5001,
        "D_REP": 1166,
        "E": -2.5001,
        "E_REP": 1166,
        "F": -1.7001,
        "F_REP": 9165,
        "PV": "XF:06BM-BI{Slt:02-Ax:B}Mtr",
        "desc": "dm3 bottom"
    },
    "dm3-slit-i": {
        "A": 0.2395,
        "A_REP": 42146,
        "B": 0.0908,
        "B_REP": 40660,
        "C": 0.099,
        "C_REP": 40742,
        "D": -2.4001,
        "D_REP": 15751,
        "E": -2.4001,
        "E_REP": 15751,
        "F": -2.4001,
        "F_REP": 15751,
        "PV": "XF:06BM-BI{Slt:02-Ax:I}Mtr",
        "desc": "dm3 inboard"
    },
    "dm3-slit-o": {
        "A": -8.2496,
        "A_REP": -91165,
        "B": -7.7001,
        "B_REP": -85670,
        "C": -7.8003,
        "C_REP": -86672,
        "D": -2.6001,
        "D_REP": -34670,
        "E": -2.6001,
        "E_REP": -34670,
        "F": -2.6001,
        "F_REP": -34670,
        "PV": "XF:06BM-BI{Slt:02-Ax:O}Mtr",
        "desc": "dm3 outboard"
    },
    "dm3-slit-t": {
        "A": 6.8,
        "A_REP": 58500,
        "B": 0.7298,
        "B_REP": -2242,
        "C": -1.0916,
        "C_REP": -20456,
        "D": 3.3045,
        "D_REP": 23505,
        "E": 3.3045,
        "E_REP": 23505,
        "F": 3.3045,
        "F_REP": 23505,
        "PV": "XF:06BM-BI{Slt:02-Ax:T}Mtr",
        "desc": "dm3 top"
    },
    "dm3-y": {
        "A": 49.5,
        "A_REP": 459199,
        "B": -59.5913,
        "B_REP": -631720,
        "C": -17.25,
        "C_REP": -208341,
        "D": 46.1092,
        "D_REP": 425265,
        "E": 46.1094,
        "E_REP": 425267,
        "F": 19.5956,
        "F_REP": 160131,
        "PV": "XF:06BM-BI{BCT-Ax:Y}Mtr",
        "desc": "vertical stage"
    },